<?xml version="1.0" encoding="UTF-8"?>
<!--
    Licensed Materials - Property of IBM
    5725-G92 (C) Copyright IBM Corp. 2011, 2013. All Rights Reserved.
    US Government Users Restricted Rights - Use, duplication or
    disclosure restricted by GSA ADP Schedule Contract with IBM Corp.
-->
<wl:adapter name="sql"
	xmlns:xsi="http://www.w3.org/2001/XMLSchema-instance" 
	xmlns:wl="http://www.worklight.com/integration"
	xmlns:sql="http://www.worklight.com/integration/sql">

	<displayName>sql</displayName>
	<description>sql</description>
	<connectivity>
		<connectionPolicy xsi:type="sql:SQLConnectionPolicy">
			<!-- Example for using a JNDI data source, replace with actual data source name -->
			<!-- <dataSourceJNDIName>java:/data-source-jndi-name</dataSourceJNDIName> -->
			
			<!-- Example for using MySQL connector, do not forget to put the MySQL connector library in the project's lib folder -->
			<dataSourceDefinition>
				<driverClass>com.mysql.jdbc.Driver</driverClass>
				<url>jdbc:mysql://192.168.137.48/library</url>
			    <user>wang</user>
    			<password>aassddff</password> 
			</dataSourceDefinition>
		</connectionPolicy>
		<loadConstraints maxConcurrentConnectionsPerNode="5" />
	</connectivity>

	<!-- Replace this with appropriate procedures -->
	<procedure name="insertinto"/><!--寫入書籍推薦 -->
	
	<procedure name="procedure2"/>

</wl:adapter>
